"Libellé";"Nuitées dans l'hôtellerie - Résidents - Départements d'outre-mer";"Codes";"Nuitées dans l'hôtellerie - Résidents - Île-de-France";"Codes";"Nuitées dans l'hôtellerie - Résidents - Centre-Val de Loire";"Codes";"Nuitées dans l'hôtellerie - Résidents - Bourgogne-Franche-Comté";"Codes";"Nuitées dans l'hôtellerie - Résidents - Normandie";"Codes";"Nuitées dans l'hôtellerie - Résidents - Hauts-de-France";"Codes";"Nuitées dans l'hôtellerie - Résidents - Grand Est";"Codes";"Nuitées dans l'hôtellerie - Résidents - Pays de la Loire";"Codes";"Nuitées dans l'hôtellerie - Résidents - Bretagne";"Codes";"Nuitées dans l'hôtellerie - Résidents - Nouvelle-Aquitaine";"Codes";"Nuitées dans l'hôtellerie - Résidents - Occitanie";"Codes";"Nuitées dans l'hôtellerie - Résidents - Auvergne-Rhône-Alpes";"Codes";"Nuitées dans l'hôtellerie - Résidents - Provence-Alpes-Côte d'Azur";"Codes";"Nuitées dans l'hôtellerie - Résidents - Corse";"Codes"
"idBank";"010599697";"";"010598554";"";"010598553";"";"010598619";"";"010598625";"";"010598631";"";"010598636";"";"010598555";"";"010598552";"";"010598642";"";"010598648";"";"010598654";"";"010598556";"";"010598550";""
"Dernière mise à jour";"12/10/2023 09:55";"";"12/10/2023 09:55";"";"12/10/2023 09:55";"";"12/10/2023 09:55";"";"12/10/2023 09:55";"";"12/10/2023 09:55";"";"12/10/2023 09:55";"";"12/10/2023 09:55";"";"12/10/2023 09:55";"";"12/10/2023 09:55";"";"12/10/2023 09:55";"";"12/10/2023 09:55";"";"12/10/2023 09:55";"";"12/10/2023 09:55";""
"Période";"";"";"";"";"";"";"";"";"";"";"";"";"";"";"";"";"";"";"";"";"";"";"";"";"";"";"";""
"2023-08";"408.43";"P";"2075";"P";"508";"P";"495";"P";"653";"P";"613";"P";"817";"P";"738";"P";"845";"P";"1679";"P";"1651";"P";"1921";"P";"1975";"P";"420.8";"P"
"2023-07";"348.32";"A";"2523";"A";"500";"A";"499";"A";"599";"A";"610";"A";"797";"A";"675";"A";"694";"A";"1429";"A";"1362";"A";"1785";"A";"1723";"A";"336.8";"A"
"2023-06";"249.11";"A";"2859";"A";"490";"A";"497";"A";"608";"A";"678";"A";"852";"A";"669";"A";"661";"A";"1247";"A";"1167";"A";"1539";"A";"1529";"A";"313.0";"A"
"2023-05";"337.03";"A";"2720";"A";"526";"A";"502";"A";"635";"A";"711";"A";"879";"A";"639";"A";"674";"A";"1293";"A";"1161";"A";"1471";"A";"1457";"A";"263.5";"A"
"2023-04";"385.82";"A";"2554";"A";"453";"A";"413";"A";"539";"A";"645";"A";"759";"A";"563";"A";"582";"A";"1172";"A";"1033";"A";"1361";"A";"1306";"A";"135.9";"A"
"2023-03";"378.18";"A";"2600";"A";"355";"A";"368";"A";"415";"A";"537";"A";"676";"A";"446";"A";"446";"A";"908";"A";"726";"A";"1556";"A";"1045";"A";"43.0";"A"
"2023-02";"376.55";"A";"2258";"A";"294";"A";"353";"A";"397";"A";"473";"A";"615";"A";"375";"A";"410";"A";"803";"A";"673";"A";"1691";"A";"1010";"A";"37.6";"A"
"2023-01";"393.06";"A";"2398";"A";"259";"A";"289";"A";"315";"A";"452";"A";"559";"A";"350";"A";"333";"A";"653";"A";"597";"A";"1463";"A";"813";"A";"30.4";"A"
"2022-12";"399.96";"A";"2706";"A";"320";"A";"336";"A";"367";"A";"547";"A";"945";"A";"365";"A";"371";"A";"759";"A";"673";"A";"1386";"A";"849";"A";"36.1";"A"
"2022-11";"346.47";"A";"2736";"A";"354";"A";"368";"A";"454";"A";"570";"A";"746";"A";"441";"A";"469";"A";"888";"A";"722";"A";"1121";"A";"922";"A";"48.1";"A"
"2022-10";"334.07";"A";"2896";"A";"440";"A";"439";"A";"537";"A";"657";"A";"836";"A";"563";"A";"567";"A";"1217";"A";"1055";"A";"1381";"A";"1311";"A";"180.5";"A"
"2022-09";"210.58";"A";"2661";"A";"456";"A";"474";"A";"588";"A";"643";"A";"855";"A";"637";"A";"682";"A";"1315";"A";"1216";"A";"1539";"A";"1507";"A";"368.9";"A"
"2022-08";"417.42";"A";"2280";"A";"555";"A";"535";"A";"748";"A";"652";"A";"872";"A";"799";"A";"911";"A";"1860";"A";"1802";"A";"2130";"A";"2148";"A";"490.6";"A"
"2022-07";"361.83";"A";"2744";"A";"524";"A";"524";"A";"680";"A";"669";"A";"830";"A";"719";"A";"743";"A";"1569";"A";"1474";"A";"1969";"A";"1890";"A";"402.3";"A"
"2022-06";"247.87";"A";"2810";"A";"491";"A";"493";"A";"614";"A";"687";"A";"858";"A";"680";"A";"663";"A";"1305";"A";"1254";"A";"1602";"A";"1685";"A";"363.6";"A"
"2022-05";"331.96";"A";"2716";"A";"489";"A";"474";"A";"640";"A";"675";"A";"830";"A";"633";"A";"678";"A";"1276";"A";"1159";"A";"1469";"A";"1478";"A";"277.3";"A"
"2022-04";"365.93";"A";"2515";"A";"412";"A";"393";"A";"528";"A";"619";"A";"726";"A";"548";"A";"559";"A";"1103";"A";"936";"A";"1326";"A";"1245";"A";"128.5";"A"
"2022-03";"346.27";"A";"2541";"A";"331";"A";"379";"A";"453";"A";"553";"A";"647";"A";"475";"A";"480";"A";"893";"A";"741";"A";"1641";"A";"1059";"A";"49.8";"A"
"2022-02";"316.28";"A";"2017";"A";"275";"A";"346";"A";"389";"A";"446";"A";"570";"A";"366";"A";"391";"A";"744";"A";"686";"A";"1687";"A";"1003";"A";"33.9";"A"
"2022-01";"326.12";"A";"1699";"A";"217";"A";"241";"A";"288";"A";"383";"A";"465";"A";"288";"A";"289";"A";"542";"A";"521";"A";"1275";"A";"693";"A";"21.6";"A"
"2021-12";"332.66";"A";"2484";"A";"292";"A";"323";"A";"364";"A";"506";"A";"893";"A";"346";"A";"369";"A";"726";"A";"628";"A";"1412";"A";"803";"A";"33.5";"A"
"2021-11";"323.01";"A";"2530";"A";"339";"A";"356";"A";"462";"A";"561";"A";"702";"A";"453";"A";"461";"A";"904";"A";"713";"A";"1130";"A";"878";"A";"50.6";"A"
"2021-10";"284.77";"A";"2675";"A";"437";"A";"436";"A";"556";"A";"634";"A";"817";"A";"577";"A";"583";"A";"1240";"A";"1057";"A";"1398";"A";"1249";"A";"205.3";"A"
"2021-09";"159.69";"A";"2134";"A";"466";"A";"469";"A";"580";"A";"603";"A";"818";"A";"648";"A";"714";"A";"1333";"A";"1208";"A";"1533";"A";"1550";"A";"397.9";"A"
"2021-08";"238.47";"A";"1869";"A";"599";"A";"566";"A";"758";"A";"597";"A";"824";"A";"817";"A";"973";"A";"2070";"A";"1952";"A";"2283";"A";"2646";"A";"567.6";"A"
"2021-07";"365.0";"A";"2140";"A";"539";"A";"531";"A";"648";"A";"577";"A";"758";"A";"736";"A";"801";"A";"1669";"A";"1530";"A";"1983";"A";"2087";"A";"455.4";"A"
"2021-06";"171.36";"A";"1757";"A";"382";"A";"385";"A";"494";"A";"501";"A";"596";"A";"514";"A";"588";"A";"1071";"A";"934";"A";"1245";"A";"1320";"A";"307.2";"A"
"2021-05";"172.4";"A";"1222";"A";"247";"A";"252";"A";"403";"A";"360";"A";"387";"A";"347";"A";"399";"A";"724";"A";"623";"A";"839";"A";"915";"A";"128.9";"A"
"2021-04";"";"O";"";"O";"";"O";"";"O";"";"O";"";"O";"";"O";"";"O";"";"O";"";"O";"";"O";"";"O";"";"O";"";"O"
"2021-03";"";"O";"";"O";"";"O";"";"O";"";"O";"";"O";"";"O";"";"O";"";"O";"";"O";"";"O";"";"O";"";"O";"";"O"
"2021-02";"";"O";"";"O";"";"O";"";"O";"";"O";"";"O";"";"O";"";"O";"";"O";"";"O";"";"O";"";"O";"";"O";"";"O"
"2021-01";"";"O";"";"O";"";"O";"";"O";"";"O";"";"O";"";"O";"";"O";"";"O";"";"O";"";"O";"";"O";"";"O";"";"O"
"2020-12";"";"O";"";"O";"";"O";"";"O";"";"O";"";"O";"";"O";"";"O";"";"O";"";"O";"";"O";"";"O";"";"O";"";"O"
"2020-11";"";"O";"";"O";"";"O";"";"O";"";"O";"";"O";"";"O";"";"O";"";"O";"";"O";"";"O";"";"O";"";"O";"";"O"
"2020-10";"244.72";"A";"1504";"A";"356";"A";"343";"A";"453";"A";"463";"A";"613";"A";"454";"A";"519";"A";"939";"A";"713";"A";"982";"A";"815";"A";"155.5";"A"
"2020-09";"148.46";"A";"1543";"A";"390";"A";"418";"A";"545";"A";"500";"A";"664";"A";"538";"A";"650";"A";"1159";"A";"1032";"A";"1346";"A";"1207";"A";"358.5";"A"
"2020-08";"297.4";"A";"1392";"A";"550";"A";"557";"A";"816";"A";"575";"A";"777";"A";"772";"A";"970";"A";"1969";"A";"1832";"A";"2251";"A";"2609";"A";"497.6";"A"
"2020-07";"225.37";"A";"1400";"A";"464";"A";"459";"A";"650";"A";"522";"A";"644";"A";"636";"A";"770";"A";"1403";"A";"1234";"A";"1651";"A";"1713";"A";"308.6";"A"
"2020-06";"";"O";"";"O";"";"O";"";"O";"";"O";"";"O";"";"O";"";"O";"";"O";"";"O";"";"O";"";"O";"";"O";"";"O"
"2020-05";"";"O";"";"O";"";"O";"";"O";"";"O";"";"O";"";"O";"";"O";"";"O";"";"O";"";"O";"";"O";"";"O";"";"O"
"2020-04";"";"O";"";"O";"";"O";"";"O";"";"O";"";"O";"";"O";"";"O";"";"O";"";"O";"";"O";"";"O";"";"O";"";"O"
"2020-03";"";"O";"1149";"A";"168";"A";"161";"A";"236";"A";"245";"A";"303";"A";"234";"A";"218";"A";"445";"A";"395";"A";"1062";"A";"564";"A";"27.4";"A"
"2020-02";"";"O";"2425";"A";"315";"A";"368";"A";"415";"A";"498";"A";"649";"A";"418";"A";"411";"A";"862";"A";"766";"A";"1796";"A";"1038";"A";"35.6";"A"
"2020-01";"";"O";"2664";"A";"283";"A";"312";"A";"356";"A";"476";"A";"590";"A";"392";"A";"357";"A";"679";"A";"625";"A";"1388";"A";"802";"A";"26.3";"A"
"2019-12";"391.05";"A";"2682";"A";"317";"A";"347";"A";"378";"A";"519";"A";"915";"A";"383";"A";"383";"A";"747";"A";"675";"A";"1397";"A";"788";"A";"32.0";"A"
"2019-11";"339.52";"A";"2862";"A";"349";"A";"387";"A";"457";"A";"582";"A";"773";"A";"450";"A";"461";"A";"870";"A";"767";"A";"1210";"A";"843";"A";"42.0";"A"
"2019-10";"311.48";"A";"2915";"A";"435";"A";"450";"A";"533";"A";"635";"A";"857";"A";"563";"A";"548";"A";"1168";"A";"1061";"A";"1383";"A";"1158";"A";"172.0";"A"
"2019-09";"198.9";"A";"2724";"A";"453";"A";"483";"A";"584";"A";"615";"A";"885";"A";"639";"A";"693";"A";"1319";"A";"1241";"A";"1522";"A";"1405";"A";"375.0";"A"
"2019-08";"359.62";"A";"2297";"A";"535";"A";"536";"A";"720";"A";"613";"A";"873";"A";"792";"A";"919";"A";"1868";"A";"1774";"A";"1995";"A";"2024";"A";"476.0";"A"
"2019-07";"318.14";"A";"2652";"A";"498";"A";"529";"A";"618";"A";"620";"A";"840";"A";"696";"A";"729";"A";"1450";"A";"1382";"A";"1828";"A";"1627";"A";"369.0";"A"
"2019-06";"248.25";"A";"2944";"A";"508";"A";"520";"A";"645";"A";"707";"A";"914";"A";"695";"A";"693";"A";"1327";"A";"1263";"A";"1611";"A";"1484";"A";"352.0";"A"
"2019-05";"285.22";"A";"2461";"A";"432";"A";"425";"A";"548";"A";"584";"A";"772";"A";"587";"A";"597";"A";"1158";"A";"1038";"A";"1308";"A";"1192";"A";"280.0";"A"
"2019-04";"359.57";"A";"2683";"A";"430";"A";"415";"A";"549";"A";"599";"A";"768";"A";"572";"A";"589";"A";"1150";"A";"986";"A";"1340";"A";"1146";"A";"156.0";"A"
"2019-03";"383.32";"A";"2639";"A";"325";"A";"391";"A";"482";"A";"539";"A";"693";"A";"467";"A";"474";"A";"912";"A";"787";"A";"1679";"A";"1034";"A";"48.0";"A"
"2019-02";"365.91";"A";"2391";"A";"267";"A";"350";"A";"404";"A";"442";"A";"612";"A";"389";"A";"394";"A";"758";"A";"686";"A";"1570";"A";"887";"A";"33.0";"A"
"2019-01";"383.1";"A";"2441";"A";"248";"A";"295";"A";"340";"A";"443";"A";"575";"A";"378";"A";"346";"A";"659";"A";"591";"A";"1335";"A";"764";"A";"28.0";"A"
"2018-12";"346.61";"A";"2605";"A";"288";"A";"324";"A";"387";"A";"492";"A";"882";"A";"378";"A";"381";"A";"728";"A";"639";"A";"1286";"A";"786";"A";"31.0";"A"
"2018-11";"311.91";"A";"2740";"A";"327";"A";"364";"A";"447";"A";"545";"A";"750";"A";"444";"A";"449";"A";"854";"A";"699";"A";"1122";"A";"803";"A";"41.0";"A"
"2018-10";"288.56";"A";"2807";"A";"410";"A";"451";"A";"540";"A";"600";"A";"830";"A";"542";"A";"547";"A";"1150";"A";"1043";"A";"1343";"A";"1068";"A";"173.0";"A"
"2018-09";"198.35";"A";"2526";"A";"440";"A";"492";"A";"582";"A";"596";"A";"858";"A";"619";"A";"678";"A";"1310";"A";"1212";"A";"1495";"A";"1331";"A";"392.0";"A"
"2018-08";"371.78";"A";"2125";"A";"481";"A";"522";"A";"705";"A";"566";"A";"854";"A";"775";"A";"877";"A";"1794";"A";"1724";"A";"1923";"A";"1928";"A";"469.0";"A"
"2018-07";"309.96";"A";"2583";"A";"490";"A";"515";"A";"627";"A";"574";"A";"806";"A";"683";"A";"676";"A";"1399";"A";"1372";"A";"1735";"A";"1559";"A";"372.0";"A"
"2018-06";"222.27";"A";"2729";"A";"468";"A";"492";"A";"584";"A";"619";"A";"841";"A";"652";"A";"633";"A";"1215";"A";"1201";"A";"1522";"A";"1358";"A";"352.0";"A"
"2018-05";"319.98";"A";"2545";"A";"458";"A";"472";"A";"597";"A";"597";"A";"807";"A";"602";"A";"642";"A";"1210";"A";"1103";"A";"1371";"A";"1238";"A";"305.0";"A"
"2018-04";"351.83";"A";"2577";"A";"416";"A";"402";"A";"544";"A";"576";"A";"732";"A";"556";"A";"551";"A";"1073";"A";"973";"A";"1320";"A";"1102";"A";"157.0";"A"
"2018-03";"383.7";"A";"2751";"A";"343";"A";"409";"A";"445";"A";"516";"A";"699";"A";"462";"A";"474";"A";"953";"A";"802";"A";"1741";"A";"1016";"A";"43.0";"A"
"2018-02";"357.87";"A";"2365";"A";"276";"A";"338";"A";"366";"A";"434";"A";"597";"A";"387";"A";"372";"A";"710";"A";"670";"A";"1560";"A";"845";"A";"29.0";"A"
"2018-01";"375.34";"A";"2566";"A";"263";"A";"304";"A";"321";"A";"451";"A";"585";"A";"364";"A";"347";"A";"644";"A";"608";"A";"1288";"A";"748";"A";"25.0";"A"
"2017-12";"337.15";"A";"2755";"A";"294";"A";"340";"A";"375";"A";"497";"A";"925";"A";"383";"A";"379";"A";"724";"A";"673";"A";"1283";"A";"745";"A";"32.0";"A"
"2017-11";"307.54";"A";"2812";"A";"318";"A";"370";"A";"439";"A";"540";"A";"775";"A";"438";"A";"444";"A";"834";"A";"702";"A";"1114";"A";"789";"A";"44.0";"A"
"2017-10";"304.5";"A";"2843";"A";"398";"A";"449";"A";"524";"A";"593";"A";"841";"A";"494";"A";"551";"A";"1157";"A";"1046";"A";"1321";"A";"1123";"A";"179.0";"A"
"2017-09";"206.73";"A";"2604";"A";"429";"A";"495";"A";"561";"A";"604";"A";"866";"A";"600";"A";"657";"A";"1285";"A";"1232";"A";"1464";"A";"1328";"A";"397.0";"A"
"2017-08";"335.92";"A";"2089";"A";"493";"A";"545";"A";"670";"A";"549";"A";"874";"A";"740";"A";"876";"A";"1848";"A";"1770";"A";"1937";"A";"1941";"A";"471.0";"A"
"2017-07";"294.06";"A";"2601";"A";"505";"A";"557";"A";"616";"A";"580";"A";"859";"A";"666";"A";"708";"A";"1525";"A";"1416";"A";"1825";"A";"1651";"A";"386.0";"A"
"2017-06";"204.9";"A";"2734";"A";"464";"A";"499";"A";"578";"A";"608";"A";"859";"A";"637";"A";"649";"A";"1247";"A";"1155";"A";"1516";"A";"1308";"A";"355.0";"A"
"2017-05";"251.88";"A";"2628";"A";"439";"A";"472";"A";"576";"A";"592";"A";"829";"A";"552";"A";"622";"A";"1189";"A";"1075";"A";"1311";"A";"1243";"A";"296.0";"A"
"2017-04";"336.87";"A";"2605";"A";"423";"A";"435";"A";"581";"A";"604";"A";"763";"A";"561";"A";"602";"A";"1211";"A";"1027";"A";"1346";"A";"1226";"A";"162.0";"A"
"2017-03";"348.08";"A";"2730";"A";"329";"A";"391";"A";"444";"A";"545";"A";"691";"A";"446";"A";"479";"A";"921";"A";"771";"A";"1572";"A";"978";"A";"47.0";"A"
"2017-02";"319.45";"A";"2240";"A";"266";"A";"364";"A";"379";"A";"450";"A";"616";"A";"364";"A";"384";"A";"785";"A";"682";"A";"1696";"A";"860";"A";"33.0";"A"
"2017-01";"329.16";"A";"2516";"A";"245";"A";"310";"A";"319";"A";"449";"A";"550";"A";"351";"A";"333";"A";"620";"A";"571";"A";"1342";"A";"733";"A";"26.0";"A"
"2016-12";"315.7";"A";"2691";"A";"278";"A";"334";"A";"372";"A";"493";"A";"894";"A";"374";"A";"378";"A";"753";"A";"641";"A";"1289";"A";"755";"A";"32.0";"A"
"2016-11";"288.74";"A";"2616";"A";"302";"A";"376";"A";"406";"A";"524";"A";"709";"A";"423";"A";"408";"A";"827";"A";"688";"A";"1057";"A";"753";"A";"39.0";"A"
"2016-10";"268.5";"A";"2758";"A";"420";"A";"451";"A";"556";"A";"616";"A";"849";"A";"515";"A";"574";"A";"1222";"A";"1052";"A";"1348";"A";"1071";"A";"168.0";"A"
"2016-09";"156.98";"A";"2479";"A";"425";"A";"473";"A";"558";"A";"588";"A";"827";"A";"595";"A";"661";"A";"1310";"A";"1195";"A";"1459";"A";"1263";"A";"371.0";"A"
"2016-08";"293.43";"A";"1897";"A";"496";"A";"531";"A";"670";"A";"546";"A";"825";"A";"747";"A";"850";"A";"1846";"A";"1813";"A";"1920";"A";"1864";"A";"442.0";"A"
"2016-07";"269.3";"A";"2321";"A";"493";"A";"535";"A";"619";"A";"569";"A";"813";"A";"690";"A";"700";"A";"1521";"A";"1450";"A";"1798";"A";"1571";"A";"362.0";"A"
"2016-06";"171.23";"A";"2534";"A";"446";"A";"480";"A";"532";"A";"589";"A";"834";"A";"610";"A";"616";"A";"1184";"A";"1175";"A";"1465";"A";"1264";"A";"337.0";"A"
"2016-05";"244.38";"A";"2539";"A";"447";"A";"485";"A";"568";"A";"630";"A";"827";"A";"565";"A";"620";"A";"1210";"A";"1103";"A";"1397";"A";"1268";"A";"262.0";"A"
"2016-04";"248.25";"A";"2415";"A";"394";"A";"407";"A";"490";"A";"576";"A";"719";"A";"513";"A";"538";"A";"1073";"A";"972";"A";"1331";"A";"1117";"A";"135.0";"A"
"2016-03";"295.99";"A";"2536";"A";"346";"A";"395";"A";"447";"A";"560";"A";"701";"A";"454";"A";"472";"A";"902";"A";"789";"A";"1684";"A";"999";"A";"43.0";"A"
"2016-02";"285.44";"A";"2140";"A";"272";"A";"364";"A";"363";"A";"480";"A";"616";"A";"371";"A";"386";"A";"740";"A";"686";"A";"1720";"A";"891";"A";"29.0";"A"
"2016-01";"290.38";"A";"2286";"A";"247";"A";"295";"A";"311";"A";"470";"A";"534";"A";"339";"A";"329";"A";"612";"A";"565";"A";"1314";"A";"704";"A";"23.0";"A"
"2015-12";"303.86";"A";"2380";"A";"280";"A";"342";"A";"360";"A";"511";"A";"868";"A";"355";"A";"369";"A";"729";"A";"628";"A";"1250";"A";"681";"A";"26.0";"A"
"2015-11";"258.92";"A";"2333";"A";"276";"A";"342";"A";"368";"A";"529";"A";"653";"A";"376";"A";"384";"A";"758";"A";"645";"A";"970";"A";"693";"A";"35.0";"A"
"2015-10";"232.56";"A";"2711";"A";"406";"A";"442";"A";"498";"A";"615";"A";"800";"A";"472";"A";"528";"A";"1129";"A";"995";"A";"1240";"A";"1032";"A";"162.0";"A"
"2015-09";"150.0";"A";"2539";"A";"427";"A";"481";"A";"532";"A";"618";"A";"837";"A";"563";"A";"653";"A";"1280";"A";"1195";"A";"1418";"A";"1281";"A";"357.0";"A"
"2015-08";"272.78";"A";"2109";"A";"462";"A";"512";"A";"637";"A";"538";"A";"824";"A";"713";"A";"845";"A";"1800";"A";"1753";"A";"1846";"A";"1868";"A";"450.0";"A"
"2015-07";"221.65";"A";"2363";"A";"474";"A";"506";"A";"599";"A";"574";"A";"789";"A";"644";"A";"691";"A";"1441";"A";"1430";"A";"1713";"A";"1553";"A";"339.0";"A"
"2015-06";"158.39";"A";"2677";"A";"434";"A";"497";"A";"567";"A";"619";"A";"817";"A";"609";"A";"618";"A";"1225";"A";"1148";"A";"1466";"A";"1311";"A";"336.0";"A"
"2015-05";"251.01";"A";"2529";"A";"425";"A";"472";"A";"584";"A";"595";"A";"826";"A";"547";"A";"625";"A";"1216";"A";"1151";"A";"1336";"A";"1312";"A";"298.0";"A"
"2015-04";"280.89";"A";"2482";"A";"377";"A";"394";"A";"528";"A";"561";"A";"692";"A";"493";"A";"534";"A";"1085";"A";"947";"A";"1248";"A";"1093";"A";"125.0";"A"
"2015-03";"303.93";"A";"2487";"A";"309";"A";"371";"A";"427";"A";"518";"A";"659";"A";"406";"A";"459";"A";"856";"A";"739";"A";"1608";"A";"914";"A";"38.0";"A"
"2015-02";"295.8";"A";"2208";"A";"279";"A";"346";"A";"353";"A";"448";"A";"586";"A";"337";"A";"363";"A";"712";"A";"652";"A";"1616";"A";"827";"A";"28.0";"A"
"2015-01";"277.99";"A";"2359";"A";"238";"A";"296";"A";"304";"A";"441";"A";"552";"A";"326";"A";"319";"A";"610";"A";"575";"A";"1287";"A";"710";"A";"26.0";"A"
"2014-12";"267.18";"A";"2680";"A";"267";"A";"325";"A";"342";"A";"470";"A";"910";"A";"329";"A";"338";"A";"698";"A";"637";"A";"1341";"A";"702";"A";"33.0";"A"
"2014-11";"230.24";"A";"2586";"A";"291";"A";"336";"A";"401";"A";"527";"A";"676";"A";"363";"A";"395";"A";"759";"A";"664";"A";"992";"A";"687";"A";"36.0";"A"
"2014-10";"218.01";"A";"2783";"A";"383";"A";"427";"A";"512";"A";"606";"A";"802";"A";"450";"A";"513";"A";"1097";"A";"1033";"A";"1290";"A";"1036";"A";"152.0";"A"
"2014-09";"125.12";"A";"2552";"A";"413";"A";"461";"A";"554";"A";"610";"A";"848";"A";"560";"A";"617";"A";"1273";"A";"1223";"A";"1414";"A";"1294";"A";"349.0";"A"
"2014-08";"261.11";"A";"2104";"A";"430";"A";"503";"A";"657";"A";"552";"A";"833";"A";"687";"A";"812";"A";"1791";"A";"1854";"A";"1923";"A";"1923";"A";"422.0";"A"
"2014-07";"213.64";"A";"2378";"A";"456";"A";"490";"A";"593";"A";"576";"A";"799";"A";"590";"A";"637";"A";"1411";"A";"1400";"A";"1690";"A";"1519";"A";"306.0";"A"
"2014-06";"164.8";"A";"2692";"A";"451";"A";"484";"A";"570";"A";"630";"A";"845";"A";"597";"A";"593";"A";"1231";"A";"1214";"A";"1464";"A";"1351";"A";"330.0";"A"
"2014-05";"217.57";"A";"2618";"A";"414";"A";"440";"A";"557";"A";"616";"A";"803";"A";"500";"A";"569";"A";"1157";"A";"1133";"A";"1256";"A";"1342";"A";"279.0";"A"
"2014-04";"262.47";"A";"2545";"A";"385";"A";"406";"A";"503";"A";"577";"A";"726";"A";"471";"A";"506";"A";"1026";"A";"946";"A";"1234";"A";"1095";"A";"126.0";"A"
"2014-03";"313.2";"A";"2658";"A";"307";"A";"368";"A";"429";"A";"529";"A";"655";"A";"384";"A";"398";"A";"854";"A";"751";"A";"1607";"A";"989";"A";"45.0";"A"
"2014-02";"298.82";"A";"2187";"A";"250";"A";"326";"A";"359";"A";"456";"A";"577";"A";"338";"A";"343";"A";"654";"A";"637";"A";"1532";"A";"812";"A";"32.0";"A"
"2014-01";"294.45";"A";"2327";"A";"247";"A";"280";"A";"306";"A";"420";"A";"562";"A";"320";"A";"303";"A";"594";"A";"556";"A";"1226";"A";"707";"A";"29.0";"A"
"2013-12";"287.44";"A";"2619";"A";"265";"A";"312";"A";"331";"A";"467";"A";"859";"A";"314";"A";"334";"A";"672";"A";"625";"A";"1274";"A";"692";"A";"34.0";"A"
"2013-11";"261.6";"A";"2646";"A";"311";"A";"338";"A";"416";"A";"539";"A";"707";"A";"384";"A";"410";"A";"810";"A";"701";"A";"1068";"A";"770";"A";"41.0";"A"
"2013-10";"222.55";"A";"2707";"A";"381";"A";"433";"A";"488";"A";"575";"A";"830";"A";"461";"A";"492";"A";"1070";"A";"1000";"A";"1234";"A";"1075";"A";"149.0";"A"
"2013-09";"143.84";"A";"2481";"A";"395";"A";"470";"A";"523";"A";"576";"A";"824";"A";"518";"A";"607";"A";"1256";"A";"1238";"A";"1415";"A";"1320";"A";"348.0";"A"
"2013-08";"291.75";"A";"2039";"A";"459";"A";"501";"A";"670";"A";"551";"A";"812";"A";"709";"A";"858";"A";"1863";"A";"1882";"A";"1922";"A";"1962";"A";"452.0";"A"
"2013-07";"226.09";"A";"2386";"A";"459";"A";"504";"A";"601";"A";"584";"A";"817";"A";"593";"A";"626";"A";"1418";"A";"1432";"A";"1792";"A";"1568";"A";"336.0";"A"
"2013-06";"181.78";"A";"2838";"A";"452";"A";"486";"A";"581";"A";"620";"A";"834";"A";"579";"A";"583";"A";"1205";"A";"1194";"A";"1507";"A";"1413";"A";"342.0";"A"
"2013-05";"269.0";"A";"2629";"A";"455";"A";"468";"A";"584";"A";"609";"A";"851";"A";"531";"A";"632";"A";"1270";"A";"1205";"A";"1333";"A";"1358";"A";"301.0";"A"
"2013-04";"264.96";"A";"2658";"A";"364";"A";"399";"A";"468";"A";"556";"A";"733";"A";"440";"A";"490";"A";"1023";"A";"959";"A";"1244";"A";"1024";"A";"131.0";"A"
"2013-03";"347.14";"A";"2615";"A";"345";"A";"403";"A";"452";"A";"541";"A";"702";"A";"419";"A";"435";"A";"908";"A";"810";"A";"1839";"A";"1014";"A";"53.0";"A"
"2013-02";"298.96";"A";"2343";"A";"257";"A";"324";"A";"333";"A";"445";"A";"585";"A";"350";"A";"323";"A";"669";"A";"616";"A";"1509";"A";"810";"A";"30.0";"A"
"2013-01";"307.48";"A";"2369";"A";"247";"A";"289";"A";"306";"A";"429";"A";"550";"A";"337";"A";"297";"A";"608";"A";"557";"A";"1331";"A";"682";"A";"25.0";"A"
"2012-12";"275.06";"A";"2715";"A";"260";"A";"315";"A";"337";"A";"482";"A";"860";"A";"341";"A";"331";"A";"668";"A";"614";"A";"1325";"A";"725";"A";"35.0";"A"
"2012-11";"263.36";"A";"2785";"A";"337";"A";"370";"A";"425";"A";"539";"A";"733";"A";"420";"A";"422";"A";"855";"A";"700";"A";"1110";"A";"761";"A";"49.0";"A"
"2012-10";"204.4";"A";"2794";"A";"381";"A";"407";"A";"476";"A";"576";"A";"799";"A";"450";"A";"467";"A";"1042";"A";"1053";"A";"1220";"A";"1048";"A";"145.0";"A"
"2012-09";"147.85";"A";"2593";"A";"435";"A";"483";"A";"573";"A";"590";"A";"877";"A";"548";"A";"639";"A";"1301";"A";"1282";"A";"1427";"A";"1360";"A";"361.0";"A"
"2012-08";"302.55";"A";"2125";"A";"465";"A";"514";"A";"675";"A";"528";"A";"818";"A";"660";"A";"794";"A";"1836";"A";"1907";"A";"1908";"A";"2018";"A";"475.0";"A"
"2012-07";"245.91";"A";"2663";"A";"485";"A";"522";"A";"593";"A";"563";"A";"819";"A";"595";"A";"647";"A";"1486";"A";"1526";"A";"1737";"A";"1687";"A";"353.0";"A"
"2012-06";"170.0";"A";"2900";"A";"462";"A";"491";"A";"568";"A";"625";"A";"852";"A";"574";"A";"593";"A";"1213";"A";"1283";"A";"1489";"A";"1374";"A";"324.0";"A"
"2012-05";"262.27";"A";"2754";"A";"441";"A";"465";"A";"578";"A";"603";"A";"822";"A";"502";"A";"607";"A";"1180";"A";"1150";"A";"1273";"A";"1238";"A";"266.0";"A"
"2012-04";"282.86";"A";"2713";"A";"413";"A";"406";"A";"522";"A";"586";"A";"723";"A";"468";"A";"543";"A";"1059";"A";"1010";"A";"1258";"A";"1115";"A";"150.0";"A"
"2012-03";"327.77";"A";"2794";"A";"328";"A";"396";"A";"458";"A";"539";"A";"681";"A";"443";"A";"446";"A";"879";"A";"777";"A";"1688";"A";"1030";"A";"47.0";"A"
"2012-02";"333.59";"A";"2344";"A";"281";"A";"344";"A";"358";"A";"453";"A";"581";"A";"355";"A";"344";"A";"673";"A";"665";"A";"1625";"A";"873";"A";"32.0";"A"
"2012-01";"329.1";"A";"2476";"A";"266";"A";"315";"A";"318";"A";"435";"A";"529";"A";"341";"A";"311";"A";"589";"A";"559";"A";"1283";"A";"715";"A";"30.0";"A"
"2011-12";"298.39";"A";"2857";"A";"277";"A";"331";"A";"343";"A";"464";"A";"878";"A";"353";"A";"321";"A";"656";"A";"586";"A";"1266";"A";"724";"A";"31.0";"A"
"2011-11";"288.49";"A";"2799";"A";"312";"A";"363";"A";"406";"A";"507";"A";"678";"A";"382";"A";"381";"A";"794";"A";"652";"A";"1015";"A";"758";"A";"37.0";"A"
"2011-10";"233.2";"A";"2920";"A";"397";"A";"444";"A";"564";"A";"604";"A";"824";"A";"484";"A";"532";"A";"1110";"A";"1093";"A";"1251";"A";"1123";"A";"142.0";"A"
"2011-09";"146.92";"A";"2766";"A";"419";"A";"500";"A";"568";"A";"604";"A";"873";"A";"558";"A";"601";"A";"1318";"A";"1273";"A";"1475";"A";"1405";"A";"356.0";"A"
"2011-08";"285.43";"A";"2318";"A";"465";"A";"528";"A";"668";"A";"548";"A";"859";"A";"649";"A";"801";"A";"1822";"A";"1857";"A";"1891";"A";"1964";"A";"431.0";"A"
"2011-07";"240.0";"A";"2702";"A";"485";"A";"536";"A";"615";"A";"585";"A";"833";"A";"624";"A";"671";"A";"1514";"A";"1580";"A";"1839";"A";"1755";"A";"346.0";"A"
"2011-06";"195.98";"A";"2940";"A";"497";"A";"528";"A";"633";"A";"687";"A";"885";"A";"629";"A";"668";"A";"1350";"A";"1291";"A";"1550";"A";"1430";"A";"354.0";"A"
"2011-05";"260.34";"A";"2999";"A";"423";"A";"458";"A";"562";"A";"611";"A";"822";"A";"495";"A";"545";"A";"1162";"A";"1097";"A";"1257";"A";"1248";"A";"284.0";"A"
"2011-04";"300.01";"A";"2787";"A";"388";"A";"431";"A";"585";"A";"588";"A";"751";"A";"500";"A";"556";"A";"1129";"A";"983";"A";"1346";"A";"1123";"A";"153.0";"A"
"2011-03";"326.26";"A";"2842";"A";"325";"A";"408";"A";"436";"A";"543";"A";"681";"A";"405";"A";"420";"A";"876";"A";"736";"A";"1639";"A";"963";"A";"50.0";"A"
"2011-02";"315.58";"A";"2329";"A";"258";"A";"357";"A";"376";"A";"458";"A";"574";"A";"355";"A";"335";"A";"668";"A";"641";"A";"1555";"A";"851";"A";"33.0";"A"
"2011-01";"322.47";"A";"2532";"A";"266";"A";"309";"A";"313";"A";"453";"A";"537";"A";"329";"A";"273";"A";"577";"A";"549";"A";"1293";"A";"694";"A";"27.0";"A"
